{"cameraMode":{"drawMode":0,"name":"Shaded","section":"Shading Mode"},"sceneLighting":true,"audioPlay":false,"sceneViewState":{"m_AlwaysRefresh":false,"showFog":true,"showSkybox":true,"showFlares":true,"showImageEffects":true,"showParticleSystems":true,"showVisualEffectGraphs":true,"m_FxEnabled":true},"in2DMode":false,"pivot":{"x":0.21600013971328736,"y":-4.966000556945801,"z":5.02500057220459},"rotation":{"x":0.03341216593980789,"y":0.3295072019100189,"z":-0.011668662540614605,"w":0.9434904456138611},"size":0.9848232269287109,"orthographic":false}